,Purpose,Count,Percent
0,Both,134,6.850715746421268
1,Bearing and Raising Children,492,25.153374233128833
2,Mutual Happiness,1293,66.1042944785276
3,Neither,37,1.8916155419222904
